ANO,indice_tiempo,NroDIAS,Tasa de Cambio,Barril de petroleo (WTI),Barril de petroleo (Brent),Temp Media,Temp MAX,Temp MIN,Temp HIST,Demanda Residencial,Demanda Comercial,Gran Demanda Industrial/Comercial,Potencia Maxima Bruta,Generacion Termica,Generacion Nuclear,Generacion Renovable,Importacion,Renovable HIDRO > 50,consumo GAS NATURAL,consumo GAS NATURAL Nacional,consumo GAS NATURAL Importado,consumo FUEL OIL,consumo GAS OIL,consumo CARBON MINERAL,TOTAL EQUI. GN,CEM TER,precio GAS NATURAL,precio GAS NATURAL Nacional,precio GAS NATURAL Importado,precio FUEL OIL,precio GAS OIL,precio CARBON MINERAL,Exportación TOTAL,Transporte,MONOMICO TOTAL (LOCAL),MES,Renovable sin Hidro
2018,2018-01-01,31,19.6525,63.7,69.08,26.13548387096774,31.9,19.15,24.5,5468.6761840000045,3607.3651590000004,3274.1419990000004,25245,8341.240183,638.616512,3763.148392999999,3521.8625159999992,58.95177106451615,48.38319185217388,10.568579212342268,33.634561999999995,40.26215299999999,90.834623,63.4278653215822,1980.1151588227808,5.518258013333763,5.476301150609778,5.710337468661041,342.65850592428643,338.4869030211045,129.08694217334616,5.635243308544691,3.145836858122506,0.093366,76.03999999999999,1,3704.1966219354827
2018,2018-02-01,28,20.115,62.23,65.32,25.18035714285714,30.15,18.05,23.5,4963.984864999998,3278.199252000001,3162.018790000002,26320,7866.947416,572.050939,3325.3310420000003,3117.426626,59.792592892857165,47.127736255314574,12.664856637542588,72.37976,38.080617,74.88036000000001,65.91677353001702,1970.7294728738534,5.507254457739565,5.452678995154145,5.7103375308722875,331.575409186304,330.70414425166587,137.23869762021326,5.681230306143766,3.1376356834862826,0.0,76.38,2,3265.538449107143
2018,2018-03-01,31,20.1433,62.72,66.02,22.382258064516137,28.55,14.5,21.5,4493.104134999999,3343.289104000001,3410.848908,22960,7730.1203909999995,505.081321,3388.3704309999994,3191.8190809999996,54.50056990322583,43.05955664158132,11.441013261644514,16.354680000000002,21.79174599999999,94.556837,57.79494764700463,1946.90426617445,5.4921898325601015,5.434227555571713,5.710337464415727,341.19956867912333,330.23952687108164,145.00878723212188,5.578306142918684,3.3299542618238642,2.802,74.73,3,3333.8698610967735
2018,2018-04-01,30,20.6917,66.25,72.11,22.08166666666666,27.95,14.55,17.8,4084.2833749999977,3131.783825,3277.2474019999972,21763,7055.024178999999,575.1306,3217.578983,3037.322748,55.376800400000036,41.30327394657492,14.07352645342512,5.075577,22.364535999999998,32.567011,57.03350767333337,2037.1927252157489,5.397111468758233,5.290383979715382,5.710337491543311,352.7725915426306,351.08257848653767,146.01348920161618,5.467532490229693,3.5283655842761914,10.267,76.64999999999999,4,3162.2021826
2018,2018-05-01,31,24.9475,69.98,76.98,16.606451612903225,21.3,11.3,14.600000000000001,4282.854741000001,3097.560123,3285.0466710000014,21308,7144.169976,752.501256,3104.49496,2922.568891,50.22366693548389,39.145577496832125,11.078089438651768,8.283565000000001,14.416976,33.259477,51.700156055606776,1884.4345364271053,5.52924879871734,5.478001218437593,5.710337436471656,329.31889270981037,352.38463108056743,149.47379370542305,5.586633719409772,2.9192254138337805,0.0,78.14999999999999,5,3054.271293064516
2018,2018-06-01,30,28.8617,67.87,74.04,11.306666666666667,15.55,4.95,11.600000000000001,5589.928853999996,3223.2705489999994,3112.712970000001,23831,8103.954004,741.4145990000001,3459.4319919999994,3250.3974139999996,40.33770996666665,31.459147334982,8.878562631684654,197.44615499999995,360.34665400000006,101.86181700000002,62.46787037190475,1942.4966289233641,5.417854611149193,5.33530859527253,5.710337458103773,443.7352375212894,365.1102862170176,145.932720423419,6.870482346622357,2.3685598889013275,0.0,86.27000000000002,6,3419.0942820333325
2018,2018-07-01,31,27.3425,70.98,74.25,10.827419354838712,17.25,6.15,11.100000000000001,6193.356918000002,3301.6065360000007,3112.5892920000006,23774,8479.600167999999,706.410365,3840.6379440000005,3612.520469,43.80452012903224,32.79481807004873,11.009702058983514,168.87130600000012,289.3121289999999,103.85579999999999,61.84621823049153,1899.2352125275345,5.926178784103294,5.578956008645616,6.9604581578689535,470.78773847990846,566.2979503753402,147.88157183356927,7.840589769577104,2.4690560286141956,0.126558,91.84,7,3796.833423870968
2018,2018-08-01,31,37.125,68.06,72.53,12.398387096774192,18.2,7.5,12.600000000000001,5381.905855999999,3225.618912,3113.7803780000004,23054,7725.729305,664.848663,3697.741946,3412.0348599999998,49.70892858064516,37.25433781500391,12.454590765641253,62.839714,36.90100899999998,90.262892,55.16153791712749,1859.2502929559992,4.574720503710132,4.5211492401281905,4.734963580998871,485.2640356109047,566.5552351957307,148.5483368576192,5.14580931094139,2.5700912232070845,0.091771,63.56999999999999,8,3648.033017419355
2018,2018-09-01,30,40.8967,70.23,78.89,17.528333333333332,25.9,11.4,14.5,3928.1622830000015,2897.4626220000005,2966.7442120000005,19664,6840.990931,311.97040000000004,3092.677542,2768.415764,49.922355033333304,40.58995829906758,9.332396734265721,0.15081000000000003,11.909461000000004,19.368997,50.7487585935714,1869.4202776425216,3.964869277189202,3.8234521811451523,4.579943217426577,485.2640356109046,566.5400990848815,131.59388279233647,4.066462071201001,2.4557753735226053,143.79875300000003,71.43000000000002,9,3042.7551869666668
2018,2018-10-01,31,36.1967,70.75,81.03,17.79516129032258,24.3,11.65,17.3,3944.5947029999984,2938.3544769999994,3021.269511,18952,6137.657725,395.77338299999997,3835.630228,3456.354298,43.30035593548387,35.30128715086692,7.999068784616955,0.01135,8.469126999999997,15.868696,43.908909307450074,1862.906094793678,4.52902177572131,3.7977079733170074,7.756437270099118,485.2640356109046,566.5400990848815,134.00927519712985,4.603717198563019,2.81495987083029,123.10334399999999,75.16000000000001,10,3792.329872064516
2018,2018-11-01,30,38.0217,56.96,64.75,21.44,27.95,14.15,20.3,4001.5810480000005,2965.9042750000003,3067.664076,21335,5692.280537,376.479343,4319.529643,3891.0484309999997,41.269908099999995,35.053647053090735,6.21626104690926,0.06385600000000001,10.568069999999999,0.0,41.63220901031745,1843.0779372882478,4.347000466384529,3.7962103220346717,7.4529194705358055,485.26403561090456,566.5400990848814,134.00927519712985,4.439272245035549,2.7484069477816004,0.00793,68.80999999999999,11,4278.2597349
2018,2018-12-01,31,37.8083,49.52,57.36,22.44032258064515,29.25,15.05,23.1,4687.899370999998,3223.0030150000002,2952.1101750000007,23438,6609.320401999999,212.640435,4257.308424000001,3769.422362,46.56427141935486,40.66705521933521,5.897216200019652,0.061548,19.652035999999995,0.0,47.21410874377882,1860.1842805441295,4.185956036687319,3.7122067197742585,7.4529194610504215,485.26403561090456,566.5400990848815,134.00927519712985,4.33427795230374,2.7285135896806434,0.01097,68.81000000000002,12,4210.744152580646
2019,2019-01-01,31,37.035,51.38,59.41,24.9741935483871,31.3,18.45,24.5,5280.257409000001,3397.455946,3021.107047000002,26113,7559.37014,200.41182,3968.2181729999993,3453.674451,54.227800774193526,45.268328389409156,8.959472384784366,4.612214000000001,26.654758,0.38727999999999996,55.28766572365589,1904.5116045131233,4.017208694800365,3.3047998462428594,7.616701646951271,485.2640356109046,566.5400990848815,134.1,4.214166874112474,2.7362024077275446,12.307694999999999,65.22000000000001,1,3913.990372225806
2019,2019-02-01,28,38.9983,54.95,63.96,24.13035714285714,30.9,16.95,23.6,4640.570778999999,3124.262626,2942.121911999999,25897,7645.372917000001,300.502344,3025.2260260000003,2587.399714,60.10263014285712,49.05473468846959,11.047895454387536,28.149646999999995,29.029507000000013,19.689896,62.7865806065476,1931.547868099891,3.9436922456528682,3.090696195541688,7.731155215525453,485.2640356109046,566.5400990848815,134.1,4.278040803982998,2.5750871905659003,32.928292,72.13999999999999,2,2965.1233958571434
2019,2019-03-01,31,43.3533,58.15,66.14,21.19677419354839,26.6,16.05,21.5,3995.7429609999995,3051.4772929999995,3072.837681999999,22426,6231.2343,527.391847,3468.560816,2948.310259,44.27679367741934,37.41856026550613,6.858233411913214,0.0,6.657611000000003,0.0,44.496157357834086,1859.470984100212,3.5676098472726707,2.918903761189893,7.106953920124441,485.2640356109046,566.5256008851986,134.1,3.6238491118329916,2.568712770353113,3.5368350000000004,65.14999999999999,3,3424.2840223225808
2019,2019-04-01,30,44.01,63.86,71.23,19.678333333333335,27.35,14.6,17.8,3647.8123499999997,2893.7298659999988,3030.5884289999995,18876,5824.982629,640.0787929999999,3276.204716,2721.878364,43.22163260000003,36.017442686066325,7.204189913933705,0.000782,6.369151,0.0,43.4385174380159,1879.2341697093166,3.4553385539027546,2.942288130630976,6.020340925580014,485.2640356109046,566.5256008851986,145.79998440589858,3.5128540843879583,2.5483143234056866,0.00738,68.12,4,3232.9830834
2019,2019-05-01,31,44.87,60.83,71.32,15.983870967741936,21.85,11.5,14.600000000000001,4358.227350999998,2970.819446,3053.0153589999986,21074,6067.333259999999,836.712485,3542.092559,3020.99866,42.81609761290323,28.835612530332256,13.980485082570976,0.011016999999999999,10.376757000000001,18.549799,43.54309245261137,1868.7981669660257,4.2840857439515165,2.836874975922761,7.26904718914677,468.3756178879976,566.5256008851987,145.79998440589858,4.384347976677391,2.435976140429601,0.001182,68.9,5,3499.276461387097
2019,2019-06-01,30,42.4483,54.66,64.22,14.57,18.95,9.4,11.600000000000001,4815.895190999999,2943.9858670000003,2889.9734819999994,22594,6624.7479299999995,742.116706,3481.0816999999997,2891.0314729999996,45.58113783333334,25.746391814798038,19.834746018535295,37.297229,41.964244,26.984896,49.03861599253968,1865.388896407414,5.501513365736298,3.905607215550499,7.573071277490377,461.7548560001877,565.4748331384798,145.79998440589858,5.937420973831058,2.4895064088560717,0.0030540000000000003,78.48000000000003,6,3435.5005621666664
2019,2019-07-01,31,43.8692,57.35,63.92,11.729032258064517,20.6,6.1,11.100000000000001,5807.8299000000015,3162.506649,3033.8736379999996,23859,7873.284281,736.655677,3714.4387079999997,3103.1280389999993,48.01634432258068,28.56385615433333,19.45248816824735,57.904399,115.83002000000003,58.741313999999996,55.2301990745008,1826.6765590703822,5.739284591742226,4.060658354087301,8.204164044414586,455.2720354552654,564.4428628250237,145.79998440589858,6.571457366984742,2.3445211903658665,0.0035220000000000004,79.75,7,3666.422363677419
2019,2019-08-01,31,59.075,54.81,59.04,12.877419354838715,21.25,6.1,12.5,5201.899285999998,3123.856104,3139.727909000001,23365,6818.697266,865.729443,3899.462512,3221.215181,45.29289883870971,32.94861777369796,12.344281065011751,23.440300000000004,50.70948199999999,0.0,47.845903045929376,1827.1925951727696,4.848993979518356,3.8942499562220845,7.397339705740807,425.08049322359653,552.9849488104779,145.79998440589858,5.282095740675283,1.7789786264864471,0.0,69.23,8,3854.1696131612903
2019,2019-09-01,30,57.5583,56.947,62.826,15.395,23.1,8.3,14.5,4267.476336999994,2941.0349809999993,3009.5765049999995,22079,6039.530335,873.875355,3708.965263,2899.660731,41.92963643333336,33.97299215670988,7.956644276623477,24.00585400000001,38.302273,37.580842000000004,44.97260237912701,1876.4862780575813,3.443964410999114,2.7122630001620394,6.568156649233798,419.20904365001593,552.9862417732718,145.79998440589858,3.945851803101022,1.9879867478185953,93.03407700000001,71.07,9,3667.035626566667
2019,2019-10-01,31,59.7267,53.96,59.71,17.503225806451614,25.2,10.65,17.3,4222.295957000001,2974.9523529999997,3183.283926000001,19908,6339.045241999999,712.38725,3541.673139,2736.574017,46.75403877419358,42.25545203432283,4.498586739870758,8.611358000000003,27.56815000000001,9.000761,48.173125351766544,1978.8913570905872,3.1466562874287365,2.6910918900917786,7.425795637928411,419.20904365001593,552.9862417732719,145.79998440589858,3.4185816870001426,1.9839285104292097,69.578814,66.72,10,3494.9191002258062
2019,2019-11-01,30,59.8633,57.03,63.21,22.733333333333338,29.3,17.5,20.3,4378.763829999999,3106.0838510000003,3075.118474,23674,6147.451967,761.16271,3732.684445,2874.8074679999995,45.55618323333333,40.592300283036955,4.963882950296377,1.5199790000000004,30.350508999999995,3.318636,46.719769724682536,1915.1645322030051,3.006258845166106,2.678145908158233,5.689412134463051,416.36462384623565,552.9862417732719,145.79998440589858,3.276210531895227,1.8508025482201538,49.781165,63.86,11,3687.1282617666666
2019,2019-12-01,31,59.895,59.88,67.31,23.725806451612907,30.7,18.65,23.1,4911.899214999996,3337.4050389999998,2938.4384229999987,25382,6966.142279,730.053033,3823.6873179999993,2911.4792689999995,48.82761374193545,42.79375747247992,6.033856269455535,0.039665,19.605663000000007,47.588694000000004,50.46196187227339,1886.3087122340976,3.062540842251968,2.5812193161222377,6.476204631319685,416.3646238462356,552.9862417732718,145.79998440589858,3.2705195466167796,1.8232759602958208,0.0,63.690000000000005,12,3774.859704258064
2020,2020-01-01,31,60.3312,57.52,63.65,25.132258064516133,30.25,20.0,24.5,5593.447400000003,3431.7715129999997,2968.648144,24891,7659.864877,791.100811,3981.6955749999997,3023.859741,53.53,46.20386155318899,7.323602221004552,20.508749999999996,41.014345999999996,17.368648,56.01340836359447,1904.1969763300306,2.5379801424945514,1.9031962547883021,6.542767128283575,416.3646238462357,552.9862417732718,145.79998440589858,2.9502728351887004,1.8208693421419377,12.473228,60.960000000000015,1,3928.1655749999995
2020,2020-02-01,29,62.208,50.54,55.66,24.468965517241376,30.2,17.0,23.6,4751.3847190000015,3172.846211,2919.2434999999996,25791,6981.252967,804.8400379999999,3422.4499950000004,2524.2411770000003,51.45,41.527445676245996,9.922827254788508,14.717288000000002,20.486202000000006,33.079038999999995,53.496912340558296,1866.6918256308472,3.3910096393176716,2.5422544575243204,6.943085453934576,416.3646238462357,552.9862417732718,145.79998440589858,3.648999640830577,1.785087427120338,29.984058,65.53999999999999,2,3370.9999950000006
2020,2020-03-01,31,64.4697,29.21,32.01,24.369354838709683,28.5,19.15,21.5,5034.6418879999965,3264.975653999999,2844.614649999999,23847,7663.6206950000005,927.599316,3115.6417789999996,2202.7848409999997,54.3,41.8343081670825,12.466115284530398,3.7268210000000006,17.334047999999996,57.514719,56.20410314992319,1909.7433240385599,3.2809730669547834,2.3297830747072648,6.473016005183273,394.4461235455356,510.80306626876825,145.79998440589858,3.459758244272898,1.7341386850587528,172.670129,61.01999999999999,3,3061.3417789999994
2020,2020-04-01,30,66.835,16.55,18.38,18.21666666666666,22.3,14.05,17.8,3863.6307750000005,2413.450796,2260.1188360000006,16405,5510.25723,975.363382,2503.5647660000004,1666.0103430000004,39.01,30.737534220065342,8.270350379934653,0.015811000000000002,2.8655710000000005,0.0,39.10818074198413,1788.5302147645834,1.5203724836035026,1.4143051070893427,1.914581853879579,379.4721528081917,510.80306626876825,145.79998440589858,1.5503789103423662,1.8005482614766053,166.557591,55.99999999999999,4,2464.554766
2020,2020-05-01,31,68.535,28.56,29.38,15.65645161290322,20.95,10.4,14.600000000000001,4687.332380000002,2577.7419789999994,2352.2538130000003,19000,6045.676405,1013.771676,3020.1072209999998,2092.9993839999997,41.12,32.09691990480598,9.020192095194027,0.001525,6.252155999999998,6.2675790000000005,41.45603444731182,1785.5986074861705,2.611063294274066,1.7687794858053592,5.608196354437959,339.27115305110374,453.30086553045385,116.09992575686748,2.664740231629398,1.675924183943926,114.888151,57.00000000000001,5,2978.987221
2020,2020-06-01,30,70.455,38.31,40.27,13.014999999999999,22.8,7.65,11.600000000000001,5591.261968,2728.0438360000003,2462.4090690000007,22114,6574.321594,926.715807,3607.8857009999997,2692.1202369999996,41.54,22.623174909383476,18.91207072394983,41.85841700000001,102.99677699999998,26.076016,47.233394125634916,1810.5009238554749,3.810477570445929,2.5384758624214743,5.332083403340238,325.86350479115123,446.2426306662099,134.68491300548183,4.5537611361270915,1.5413639006048896,2.15304,64.48,6,3566.3457009999997
2020,2020-07-01,31,72.315,40.71,43.24,10.867741935483872,18.1,7.3,11.100000000000001,6521.315560000001,3059.3651290000007,2603.171951999999,23559,6967.017661999999,736.6951829999999,4501.803997000001,3546.654799,29.7,18.89408559755135,10.805484886319624,176.77473699999996,397.60855899999996,115.73401999999999,51.85375409685099,1938.091479295004,3.198752784400059,2.4687512894679737,4.4752073698902155,329.64378846951433,414.08735394816284,134.68491300548183,5.838210197832692,1.4559944876885194,0.00108,66.0,7,4472.103997000001
2020,2020-08-01,31,74.175,42.34,44.74,14.12741935483871,21.3,7.8,12.600000000000001,5267.341752000001,2811.7778340000004,2649.259572000001,22430,6346.711245,891.200744,3730.040688,2549.890575,39.19,24.23021347973781,14.95760793961703,61.31194700000001,66.880858,69.874645,45.1501302812596,1852.4702749793996,3.365790919213596,2.649096394784844,4.526782796843493,345.96554253734615,384.3160717079835,134.68491300548183,4.008044036330416,1.4919627306168126,0.42174,64.02000000000001,8,3690.850688
2020,2020-09-01,30,76.175,39.63,40.91,14.57333333333333,21.1,8.65,14.5,4693.462034000004,2710.946164,2640.614652000001,22683,5878.46344,880.1425790000001,3586.1860170000004,2416.828106,38.68,26.648346325384548,12.033524041282124,16.665864,55.42445999999999,14.113550000000002,41.517621047619045,1779.7917110121548,3.2351297718183947,2.571778730633137,4.704126569445248,344.3308207211492,373.7915607242792,134.68491300548183,3.6287195468414652,1.4829360637790885,45.166844000000005,56.97,9,3547.5060170000006
2020,2020-10-01,31,78.3283,39.4,40.19,17.241935483870968,25.9,9.65,17.3,4428.481525000001,2827.7204590000006,2757.6420339999986,19659,6510.108031000001,690.814556,3493.994918,2221.054248,44.83,38.29247778973602,6.541102145747842,0.0023650000000000003,8.493039000000005,0.0,45.109928769662055,1804.3672079917283,2.473971118503206,2.1098766686147936,4.6054282223769745,344.3308207211492,373.88516475377855,134.68491300548183,2.519944657768285,1.486491733750087,357.464347,53.98,10,3449.164918
2020,2020-11-01,30,81.2967,40.94,42.69,21.924999999999997,27.15,18.0,20.3,4330.623876999997,2868.2804359999986,2888.9401259999986,22289,7764.901737,678.24122,3247.013072999999,1979.5882669999999,49.66,39.31174773288475,10.344066767115258,125.714915,47.777546999999984,53.824026,57.32899706611111,1860.5396114441517,2.582193301034589,2.1071231237047723,4.38765718550784,342.13656815705104,373.8851647537785,134.68491300548183,3.3062424238569053,1.4234437584509316,1202.862867,53.009999999999984,11,3197.3530729999993
2020,2020-12-01,31,84.145,47.02,49.99,23.514516129032263,29.25,16.1,23.1,5258.408927999997,3207.021543,2864.7471430000023,24079,8433.6095,694.3947830000001,3619.8118039999995,2176.4987939999996,51.39,40.62587407068344,10.760880477703653,118.51032899999996,85.28274400000004,81.13538899999999,60.34260471705069,1863.165975175872,2.93062011899683,2.5491442760740433,4.370817283875677,336.85889298176824,373.88516475377855,134.68491300548183,3.6899967900009236,1.3293157363958323,984.2770029999999,54.949999999999996,12,3568.4218039999996
2021,2021-01-01,31,87.2983,52.0,54.77,25.516129032258064,30.75,18.9,24.5,5661.216950999998,3303.808761,2976.5552930000003,26450,8630.661363999994,677.8483560000001,3589.8588250000007,2145.356135,53.78790964516129,41.45239705474221,12.366122946435844,90.44145400000001,79.28581400000003,66.96352399999999,61.19267755192013,1846.274875409422,3.484183036838635,3.07485444174521,4.847666113913084,403.4670188372592,427.71011824392883,134.6849130054819,4.192978568644167,1.257442986067485,521.0869210000001,59.99000000000001,1,3536.0709153548396
2021,2021-02-01,28,89.825,59.04,62.28,23.574999999999996,27.1,19.75,23.6,4363.836307,2865.0510489999992,2861.5019730000004,22431,6679.950315999998,528.529292,3721.5880100000004,2540.3477820000003,48.65653849999999,39.22174311345712,9.463369774954703,21.191284,35.873755,9.224276000000001,51.059950453656455,1797.812824735387,3.4215091050727198,3.0805405692803913,4.824351127121772,449.22877607352257,431.3133966500581,135.6942145318827,3.7560894567109204,1.2550726927618419,498.871801,60.04,2,3672.9314715000005
2021,2021-03-01,31,91.985,62.33,65.41,22.225806451612904,27.3,15.8,21.6,4718.154652,3128.3867740000005,3208.6731080000004,22447,7483.273914999994,710.675594,3310.0728820000004,1991.2183730000002,47.737804193548406,35.34112128501238,12.396682908536022,47.092103,47.017140000000005,57.442569,52.25047525038404,1818.1913303917884,3.5704258014253902,3.122153275009258,4.848384900782751,457.4943309694108,456.37577582392515,134.09940743708324,4.107265847299116,1.2302634995556958,72.592223,59.970000000000006,3,3262.335077806452
2021,2021-04-01,30,93.555,61.72,64.81,20.711666666666666,25.7,15.85,17.8,3891.459004,2862.207576,3064.0713269999997,19676,6828.790909000001,531.195208,2780.9927470000007,1490.450588,40.73253156666669,29.43704517743236,11.285584192835623,53.79987900000001,162.921911,82.71835300000001,50.144388379285736,1850.4572829907397,3.766154063966668,2.998426258385511,5.7719812242871065,465.77882973786274,460.8291030946869,139.8058504738422,5.06412100627697,1.261575675668131,12.20071,69.98,4,2740.260215433334
2021,2021-05-01,31,94.685,65.17,68.53,14.277419354838715,20.85,10.4,14.600000000000001,5010.924064999998,2938.0034990000004,3037.1865250000014,20557,7159.560835000007,715.913497,3358.9652859999997,2046.828605,35.48855148387094,30.892656298333627,4.595895185537298,125.03686500000002,277.511582,95.37235,51.3158223769585,1866.4050009374607,5.106494066684095,4.733720783736483,7.612198927739542,478.51543332325326,489.9513362395277,134.70755511416903,7.072800023651783,1.1849477880172985,0.0,74.53000000000002,5,3323.4767345161285
2021,2021-06-01,30,95.7267,71.38,73.16,11.913333333333336,18.0,6.75,11.600000000000001,6070.270074000001,2986.217181,2997.317,25913,8266.950128000004,1063.883435,3165.9993809999996,1776.8715509999997,40.16487286666664,22.897359812221755,17.267513054444887,90.94182299999999,453.503707,85.31006599999999,60.970293612142825,1858.5468343664825,6.246512595430342,4.2789174643664545,8.855616381174885,550.3167130530969,508.2339723610918,135.7869498230356,8.42698081546926,1.1124131998499474,87.03201399999999,86.50000000000001,6,3125.834508133333
2021,2021-07-01,31,96.685,72.49,75.17,12.248387096774193,18.9,7.4,11.100000000000001,6268.417479,3088.5648969999997,3061.978019000001,24816,8430.796301000002,1101.3589920000002,3416.140093,1818.241551,44.53436690322581,25.085975101151924,19.448391802073896,93.82712199999997,304.31196600000004,79.881635,59.74889567772658,1845.4499289271819,6.652817481107198,4.701180959126546,9.170182705705592,577.0935798123274,544.1358667726449,153.97182369605684,8.341121538284863,1.104420802539145,161.161864,87.96000000000002,7,3371.605726096774
2021,2021-08-01,31,97.7517,67.73,70.75,13.220967741935485,22.15,7.1,12.600000000000001,5534.851967999999,3036.9431489999997,3088.4926850000015,23851,8522.298539999998,1062.895033,3171.635996,1617.1978399999998,52.56236616129032,28.219440526006732,24.34292563528359,30.695349999999998,116.546092,84.17233499999998,59.30318992611367,1812.017096594225,7.771036549848448,4.952281977231494,11.038666670037449,584.3943825395332,543.5778663500198,156.80000000000007,8.275445558013502,1.1245433860869998,679.635383,86.52000000000001,8,3119.0736298387096
2021,2021-09-01,30,98.735,71.65,74.49,15.973333333333336,20.4,11.65,14.5,4460.019216999999,2886.2380909999993,3028.5367720000004,20771,6871.612847999996,778.492009,3703.3229869999996,2233.6813030000003,40.7827231333333,35.39162215260138,5.3911009807319115,66.37270200000002,148.984271,95.79373000000002,50.48916625547616,1851.569664621478,5.5850773910308025,4.527684632104656,12.52667338868735,583.9633519634397,543.3098038630008,169.51,6.934602867774016,1.1770059664063834,898.004799,78.47999999999998,9,3662.5402638666665
2021,2021-10-01,31,99.7217,81.48,83.54,18.809677419354834,27.55,11.4,17.3,4481.150251,2994.180437,2975.9935050000004,23317,6154.824677999997,908.898017,4147.808862000001,2424.765651,39.11240293548388,35.140460528749024,3.9719424067348554,25.887652,112.570633,45.044270000000004,44.7298917171275,1892.444450087065,3.4310095561937333,2.9868361911667365,7.360688036724315,586.8624356131771,559.2143522934882,179.93933237397323,4.679532581418476,1.1663810276350743,430.957274,67.46,10,4108.696459064517
2021,2021-11-01,30,100.925,79.15,81.05,21.595000000000002,30.0,15.05,20.400000000000002,4450.331276999997,3045.5819229999997,3073.520550999999,21920,6669.667511999997,1064.706012,3673.1518069999997,2070.557672,43.03583036666666,38.27492301072383,4.760907355942826,28.161613000000003,106.68994700000002,86.08440000000002,49.60820859150793,1874.3465911258463,3.5157622625867564,3.0448223607157225,7.3018448596975025,610.2298138658497,583.6493383833512,201.29999999999995,4.805833175864659,1.1410325007690527,462.01694999999995,65.48000000000002,11,3630.115976633333
2021,2021-12-01,31,102.75,71.71,74.17,25.02741935483871,31.7,20.0,23.1,5875.231062,3504.9467720000002,3077.667643999999,27088,8375.964142999996,1025.29847,3513.39576,1960.7170560000002,51.212334806451636,43.532390189484985,7.67994461696667,74.57691399999997,180.051695,77.70362600000001,61.5629372668971,1913.9275897805157,3.7184403647748954,3.0509819272316814,7.501808941965407,585.1362991725183,595.2522941825777,200.00000000000003,5.4467751424195185,1.0658811107356658,26.284119999999998,68.98,12,3462.1834251935484
2022,2022-01-01,31,105.015,83.22,86.51,26.21129032258064,34.4,19.45,24.6,6464.484064,3622.9458519999994,2980.175016000001,28231,8937.72545,976.681626,3637.670008,1980.0921799999996,53.48266025806451,46.78836209761236,6.68080779110466,94.02290300000001,251.23949400000015,85.99365,67.0826027231951,1954.4468944411356,3.697212620921544,3.064250894460826,8.137561773741787,646.1051583486496,618.3499325975557,203.50797423389173,5.980648154939563,1.0329347253529082,27.950494,74.50999999999998,1,3584.1873477419354
2022,2022-02-01,28,107.4417,91.64,97.13,23.157142857142862,29.75,18.25,23.6,4612.567413999998,3076.932678,2878.2568069999998,25050,7170.630382999997,893.001199,2848.299395000002,1369.3074410000002,43.83825,41.253664915826064,2.5792911268183856,73.32778300000001,242.761292,72.956535,57.42442962482993,1883.5479067196545,3.3570731151335913,3.0490350023349317,8.290782674436985,734.4644396529143,694.083787743107,208.165513502625,6.551653875006617,1.1649800394700984,1.991,83.00999999999998,2,2804.461145000002
2022,2022-03-01,31,110.9783,108.5,117.25,20.78548387096774,26.5,13.85,21.6,4481.118657,3210.5468409999994,3189.913485,21332,7163.120169999999,752.0073789999999,3339.9680810000004,1604.5810430000001,39.104161870967744,36.60196425443584,2.49695852884554,115.66817700000004,202.63610699999998,72.985556,51.64751031589862,1877.535398971256,3.349543736129806,3.041252195045215,7.875700013659665,769.4686657417199,725.8824535913673,229.78804319326892,6.800283204913047,1.3104738064533892,0.0,80.02999999999997,3,3300.8639191290326
2022,2022-04-01,30,115.3117,101.78,104.58,18.02333333333333,22.8,10.35,17.900000000000002,3999.097408,2970.3874710000005,3177.8791919999994,19783,5992.6193370000055,657.872847,3800.1970940000006,2184.543547,34.77572839999999,31.840780444789445,2.9349479552104896,52.604296000000005,144.61567600000004,83.53140300000001,43.53522910269841,1830.7316245073202,3.5169103381309643,2.9962475522296304,9.16549753785459,785.7635281803801,793.0560123013166,255.3300130525871,6.475651398317421,1.2962643812121084,0.0,81.97999999999999,4,3765.4213656000006
2022,2022-05-01,31,120.1617,109.55,113.34,13.835483870967746,19.45,7.0,14.600000000000001,5346.350927,3161.7312689999994,3219.9128050000004,25362,7038.384880000001,629.3342,3758.826103000001,2290.150917,33.49913441935483,30.26659767349112,3.2325367458637557,143.566978,331.60273399999994,70.469248,51.28961745053762,1897.5683501013648,6.983958807539524,4.52592501762204,29.998799979097402,818.0132035544435,801.5539163677977,286.0604736156838,11.411688688180346,1.2865782677533382,0.0,100.52999999999999,5,3725.326968580646
2022,2022-06-01,30,125.215,114.84,122.71,10.763333333333334,14.200000000000001,7.4,11.600000000000001,6686.6298879999995,3301.7655859999986,3086.074904,26062,7491.410441000004,678.919674,4438.360674,3037.364216,28.635327333333354,23.071518753434596,5.563808579898729,206.3333030000001,567.539216,103.95952399999999,58.21046333444447,1958.114146302453,9.903585352810248,4.630837754978639,31.768157675626135,813.1733028311953,991.6091648201204,326.26345541776845,16.69157684347693,1.1096843366358196,0.0,122.52,6,4409.725346666666
2022,2022-07-01,31,131.2267,101.62,111.93,12.601612903225808,18.900000000000002,7.95,11.100000000000001,6277.761202999999,3279.2385799999993,3082.6195829999997,24477,7328.2415370000035,737.093665,4037.618315999999,2473.888474,42.91811258064515,25.252983851176793,17.643981297970527,130.08711300000004,70.25202599999999,86.540127,51.923230769124416,1845.0277906389906,14.012269620485306,5.171310893795834,26.682704240116887,824.0293790894754,1049.8520989822823,360.5985200362509,15.140838826657642,1.11213121472814,0.0,127.71000000000002,7,3994.700203419354
2022,2022-08-01,31,138.7133,93.67,100.45,13.724193548387099,20.900000000000002,8.8,12.600000000000001,5480.926603,3218.3859820000007,3083.107046,23389,6126.712865999996,948.539022,4242.275496000001,2654.532753,32.76474145161291,27.39671177791847,5.3680296736945055,107.21729100000003,184.21988000000007,60.623007,44.126877626728124,1875.4981970457516,7.7718624675941275,4.339144976614978,25.29135796819348,857.0941834790162,1038.6722311437597,383.0894784172207,11.819617676890761,1.1048795309144537,0.00348,102.46999999999998,8,4209.510754548388
2022,2022-09-01,30,147.315,84.26,89.76,15.84,20.1,10.75,14.5,4294.969294,2987.978439000001,3031.052514,20194,5461.398844000002,700.036724,3871.9898480000006,2267.4005129999996,34.45362603333333,31.588815214098776,2.8648108192344433,81.89533899999999,69.06906300000001,31.414655,40.66325309579365,1876.2848260748628,6.108092786762707,4.594911710301926,22.793172684137822,845.9629534715032,1038.75,389.88900234414126,8.56775207632908,1.1194499617674105,0.070737,85.52999999999999,9,3837.536221966667
2022,2022-10-01,31,156.895,87.55,93.33,18.1,26.6,12.8,17.4,4191.800321999999,2975.351517,3054.146799,19630,5053.7078409999995,67.875944,5572.259939,3749.8475540000004,35.216554774193554,33.26396078889518,1.9525939852984158,1.692433,12.047111999999997,0.0,35.67719250215055,1838.3217273046162,3.530673741984307,2.9796806164763794,12.917271191246282,846.0488687682978,1039.6886622114557,389.789976652448,3.8258159583340814,1.0704308171847725,1.255701,55.54,10,5537.043384225806
2022,2022-11-01,30,167.255,84.3704762,91.4154545,23.0,28.1,14.6,20.4,4999.888377000003,3174.288822,3149.5359630000003,26610,6229.655742000005,34.437239999999996,5357.157422999999,3693.580857,40.279863933333324,37.96843851323742,2.3114254200959734,31.691546000000006,161.60905300000007,27.759659,47.6095662513492,1925.8866287671,3.494846414029979,3.0113943827085548,11.436231226075938,850.6602475241714,1039.568566106595,389.7899721211482,6.8468701482524965,0.91893447999665,0.0,67.99999999999999,11,5316.8775590666655
2022,2022-12-01,31,177.1283,76.44,80.92,25.13225806451613,30.950000000000003,18.5,23.1,6321.388548000003,3540.518034,3165.505514,28283,7757.285764000004,393.354238,4621.934273000003,2881.0352809999995,48.435456999999964,44.485318370374834,3.950138629624966,74.48141600000001,198.10775500000003,80.791901,59.441442714669705,1995.3566432646871,3.909735221046954,3.0132630736232056,14.005545172938698,738.6408782070259,1036.3020399402258,371.58299008744666,7.439970278788125,0.8184449733680176,0.0,79.43999999999998,12,4573.498816000003
2023,2023-01-01,31,186.875,78.12,82.5,26.856451612903225,30.95,23.5,24.6,6817.409084,3648.7376619999995,3127.335847999999,27420,8453.591207000003,632.801915,4277.734922999999,2635.360572,50.50578274193547,45.75463456247324,4.7511481794622545,126.15704000000004,223.44419200000002,95.21910700000001,64.59054978172041,1989.6134969517684,3.526814003147304,3.0951816056796972,7.6835318880627845,678.8665149208754,962.9789820614714,340.5599828810075,7.251354702895718,1.1313592652496842,0.0,85.00999999999998,1,4227.229140258064
2023,2023-02-01,28,197.1533,76.83263157894737,82.58500000000001,25.6125,33.3,12.5,23.6,5684.562914999997,3270.3081870000005,2951.4047800000017,28207,6910.5586900000035,621.71886,4176.385831999999,2652.462471,46.20507596428571,43.22432394890939,2.9807520153763867,82.142723,180.11902700000016,61.266042999999996,57.604976343792515,1960.578159283384,3.389154736510365,3.1437024189564062,6.948494941006754,645.141480045562,959.8792565961281,284.2499961519936,6.791217029115211,1.1258098592569095,8.551,80.49999999999999,2,4130.180756035713
2023,2023-03-01,31,208.9883,73.28,78.43,27.070967741935483,32.3,19.35,21.6,6927.3763519999975,3735.052732999998,3334.47552,29105,8053.423176999991,634.418063,4868.269487000001,3314.4683560000003,44.501796967741946,41.65304002803391,2.8487569397081063,102.876243,296.23857599999985,101.762171,60.24461527373273,1947.9539908051725,3.8016308690945086,3.086647913413555,14.255739205691317,612.1184040952278,889.0379612244899,276.6240020937302,7.933131359376813,1.0298087824384972,0.526882,80.53,3,4823.767690032259
2023,2023-04-01,30,222.575,79.44631578947367,84.63833333333332,19.1,23.8,14.0,17.9,3985.954278,3044.4113930000008,3015.846806999999,19984,5107.461387000005,669.653136,3773.587355000001,2285.4035859999994,33.13328750000001,31.26537642602885,1.8679110739710416,69.41215600000001,34.105907999999985,58.227313,38.24160222079366,1886.8245943412735,3.8245808634108376,3.317309561866443,12.315364184904963,578.0075888495869,803.2973497422653,253.1879947350668,5.249656949540973,1.2701233698090715,5.599583,76.02,4,3740.454067500001
2023,2023-05-01,31,239.325,71.58,75.47,16.4,20.7,9.5,14.6,4656.383154,3076.088934000002,3082.997636,21837,6491.798786000005,679.911215,3550.3959220000006,2056.826104,43.45074193548386,30.763663879604863,12.687078055878988,27.19302,28.616044,12.967284,45.68592084147465,1832.5604627142534,9.345394179971914,4.986123866145204,19.91576555344679,596.8965226214887,790.0681857118228,253.18800470420615,9.691219003310918,1.1264433282958726,2.644817,92.51,5,3506.9451800645165
2023,2023-06-01,30,256.675,70.25,74.84,13.186666666666666,21.75,7.15,11.6,5835.774393000001,3118.5769020000002,3117.429941000001,24935,7277.903404999998,680.7674529999999,3814.7691209999984,2247.003548,40.16957276666667,28.0316547682775,12.125681728831122,152.42068600000002,197.6635320000001,48.701789999999995,53.87062631174604,1865.2896411394463,10.03592069910684,5.012568440213633,21.658828316463918,584.0768672605715,735.2376489030681,253.187995915209,11.604762891114055,0.9341880153069653,0.000903,104.50872073783742,6,3774.599548233332
2023,2023-07-01,31,275.2833,76.06949999999998,80.10809523809523,13.009677419354839,21.8,6.2,11.100000000000001,6277.161518999997,3224.3086989999993,2975.755685,25476,6424.052731999999,701.866951,5161.1074,3711.916153,35.06587158064515,26.08045416691549,8.985417413729708,73.96414400000002,216.93774299999998,57.351575000000004,46.18673544831028,1872.1866728817504,9.712253293170313,5.320733743488162,22.458775693297508,565.3919779371796,681.2204362393528,250.146016313806,11.219677045052666,0.8276601309421454,0.0015789999999999999,90.506,7,5126.041528419355
2023,2023-08-01,31,350.0167,81.38608695652175,86.05105263157895,14.241935483870964,23.35,9.5,12.6,5501.921764,3179.4815860000017,3074.597149000001,22313,5424.158795999996,722.567015,6051.231696000004,4142.165655,35.67007190322581,32.413548629342365,3.256523273883512,14.072923000000003,30.920979999999997,47.707826000000004,38.20785575192013,1834.2614978634208,6.484204303781607,5.122082467124317,20.041977019751783,479.9633719867441,624.8539452156145,239.09849725707622,6.907952209762404,0.7147317025807979,5.237381999999999,65.52552889650946,8,6015.561624096778
2023,2023-09-01,30,350.0083,89.42500000000003,93.72238095238095,14.955000000000002,21.85,9.3,14.5,4894.324626000002,3055.1776800000025,3012.7421510000013,23085,4708.873334999999,808.509032,5858.551751000003,4172.152389000001,33.00700263333331,32.88599133448709,0.12007831443831396,11.943870999999996,24.788454000000012,31.958081,35.00029036555553,1873.0750531262686,4.928874851734462,4.891687717565541,15.151656052159673,538.0560892094102,698.1730816945782,238.5269927362695,5.454462095361874,0.8336862226745508,11.068620000000001,68.5,9,5825.544748366669
2023,2023-10-01,31,350.03,85.6395238095238,90.5959090909091,18.164516129032254,23.35,10.950000000000001,17.400000000000002,4396.246597000001,3054.3932650000006,3003.4859319999987,19520,4061.7108919999987,859.489468,6055.863326000001,4158.81471,28.144205580645163,27.754258651951513,0.38344687986241727,0.18643600000000002,5.628981,4.13909,28.42252668579109,1822.1941801809567,3.3120125518446093,3.2373614363093903,8.77147701088257,646.6584965240356,717.0050868513068,238.52701132634456,3.4372064606571193,0.9051050428592886,42.149158,57.45419755238075,10,6027.719120419355
2023,2023-11-01,30,360.525,77.68499999999999,82.94,21.171666666666667,26.400000000000002,13.05,20.400000000000002,4843.967603999999,3171.158517,3025.6850219999997,23085,4896.465502000004,870.265741,5826.509384000003,3783.8264570000006,34.46637636666667,33.56710498840905,0.8884488798643614,1.6844440000000003,27.070305,0.27799,35.459518882936514,1824.9487829231302,3.400980834982987,3.2205014576547177,10.261226207314719,671.9515306290169,702.1153245178269,238.52700287462926,3.818542204824305,0.9984787853862316,16.185975,62.48598083124178,11,5792.043007633336
2023,2023-12-01,31,808.48,71.9,77.63105263157894,22.877419354838715,27.799999999999997,16.8,23.1,5475.149277999999,3335.500717999999,2952.3540319999997,25688,5210.097600999996,1081.052804,6003.343841000002,4171.415755,34.75027193548387,34.12079504391824,0.629085662572775,11.580932,34.800492,1.0543150000000001,36.35462929324117,1816.999640494836,2.414749159969114,2.312422582781579,7.9663124770545215,672.8613179182295,779.890785488899,238.5,3.1511163272172347,0.41095708109732404,5.739024000000001,47.013501087080634,12,5968.593569064517
2024,2024-01-01,31,826.25,74.15238095238097,80.12409090909091,25.8,30.0,21.900000000000002,24.6,6486.224939000002,3578.572204999998,3025.4098369999992,28719,7018.728030000001,1138.524327,5729.254635999997,3744.4479230000006,48.58555929032258,47.0920522354042,1.4861763403650181,0.8869770000000002,23.073683999999993,1.3629350000000002,49.407465712442395,1833.0535129055281,3.6300730453910472,3.1866291683234675,17.69926031727608,692.80031505215,725.9029015026914,238.5,3.8815088195198166,0.3627554610032868,420.96241399999997,64.49140677936686,1,5680.669076709674
2024,2024-02-01,29,842.25,76.85411764705883,83.36611111111111,26.3,31.7,18.7,23.6,6343.135652999998,3461.073969,3046.9144960000003,29653,7446.869469000003,990.164175,4574.934569999999,2866.31498,53.92082272413793,51.7863066133066,2.105556819655332,8.817171000000002,62.23262499999997,21.625414999999997,56.94685490517241,1862.8302688327935,3.7297810518931724,3.1615495785210164,17.75676946995948,691.4975273103312,715.4440006197818,238.5,4.443524229773826,1.4748890598836537,64.807534,62.49999999999999,2,4521.0137472758615
2024,2024-03-01,31,857.4167,81.278,85.4085,23.3,27.1,16.5,21.6,5484.609657999999,3389.4589590000014,3082.5582240000012,24053,6889.811974999999,1096.784582,4401.206695,2444.500528,47.4669750967742,46.90399894019769,0.4825429000527017,1.4170359999999997,30.094650999999985,0.0,48.51190235629801,1833.5042261556064,3.268178556731366,3.1300161175576506,17.242565381326408,685.6601601204826,672.133124757673,238.5,3.578387485266434,1.888000868042116,50.589045,62.04994495812171,3,4353.739719903226
2024,2024-04-01,30,876.75,85.43571428571428,90.02349999999998,18.74,23.15,14.25,17.9,4253.020670000001,2919.392294999999,2832.5082519999996,19122,5236.936169000001,1114.427531,4145.967948999996,2289.542694,36.298677833333336,35.40012063466139,0.8985571986720071,0.002792,4.752859000000003,0.0,36.46060994373016,1754.4750230504478,3.5601600819709134,3.2130329455147577,17.235797564229706,688.3825507035356,659.0294383063178,238.5,3.6217134167373946,2.0395052534027824,128.140415,67.99999999999999,4,4109.669271166663
2024,2024-05-01,31,895.25,80.17736842105266,81.90777777777778,12.682258064516128,19.75,7.45,14.6,6041.515054,3123.094118,3048.729278999999,25104,6309.036865999998,1129.0207409999998,4822.303247000003,3306.4160439999996,32.89702803225808,30.622623906347414,2.270005594700902,96.28316399999999,249.43711799999997,67.046911,46.12974231428572,1903.9649242461735,5.837962565220647,5.309936878384742,12.972398938072487,661.6080205018355,692.12645267056,238.5,8.927575697121119,1.7081320928778623,2.89076,86.70677526784581,5,4789.406218967744
2024,2024-06-01,30,911.75,79.76736842105261,82.24600000000001,14.6,24.1,6.6000000000000005,11.700000000000001,5345.517419000001,2973.6172830000014,2907.089121999999,24935,6074.043180999998,1129.6180490000002,3849.9155069999997,2243.311,38.041522066666666,28.70729150123269,9.326383322079769,22.088243000000002,110.34456700000001,44.362023,43.608093854206345,1809.2132906850343,7.330059031133974,5.146407053279668,14.057667414330151,656.2999042418197,676.9953566358458,238.5,8.453665871789305,4.000464471278098,0.760165,92.01162888677516,6,3811.873984933333
2024,2024-07-01,31,932.75,81.80045454545454,85.15304347826087,10.6,16.5,4.5,11.200000000000001,6891.402589000001,3229.802843000002,3105.098859999999,26675,6487.370027999997,1174.115582,5087.612471999999,3296.8319919999994,32.96701203225806,26.969211398477277,5.983328615862579,72.54679500000003,301.28977299999997,60.721923,46.88376789838709,1881.8925247129446,6.937398739527542,5.12287547628287,15.13294720109156,620.5410973021422,715.4412442751891,238.5,9.987888411579899,3.8089578273928266,0.026004000000000003,94.0095892877681,7,5054.645459967741
2024,2024-08-01,31,952.8333,76.68318181818182,80.35523809523808,12.672580645161288,25.45,7.95,12.6,5900.983050000002,3180.046652999999,3090.5769420000006,23806,6313.029594999997,724.105475,4556.054905000001,2792.03374,37.60867632258064,30.750758190197924,6.857918132382657,29.198697999999997,147.703672,30.034230000000004,44.19711560122887,1823.0437113228838,7.035711242586442,5.086347723826073,15.77661555684767,627.4221954241746,709.1747186488486,229.28850364158012,8.547834680934464,3.9939934928806538,0.000662,89.99999999999999,8,4518.446228677421
2024,2024-09-01,30,970.9167,70.236,74.01666666666667,17.1,25.3,11.3,14.5,4320.586551999999,2938.174428000001,2978.4318129999997,19829,5981.585098000001,480.219111,4086.372474000001,1928.3052199999997,43.37961333333332,40.98743358994264,2.3921797433905945,2.3625719999999997,2.4748060000000014,9.268679,43.75436693523808,1843.340901622661,5.622462426555475,5.001682313250658,16.258863699636695,654.7330869414967,696.1334428533235,220.04999856753295,5.683513745855868,4.3307834750396195,94.136489,83.46000000000001,9,4042.9928606666676
2024,2024-10-01,31,990.75,71.985,75.63260869565217,20.490322580645167,27.95,13.95,17.4,4548.718389999995,3083.374672000001,3046.828072,22158,5824.760499000001,393.916015,4711.862346999999,2624.5488,44.1589315483871,41.52628169233202,2.6326498560552216,0.16988999999999999,4.131364,6.393471000000001,44.43403434608295,1986.4546440504214,3.8354023566599924,3.1639261819326223,14.426977501863378,664.4788772674092,704.9881957651177,220.04999856753295,3.898536178581321,4.43587181428211,126.818784,71.50000000000001,10,4667.703415451612
2024,2024-11-01,30,1011.75,69.95,74.3452380952381,22.401666666666664,28.549999999999997,18.1,20.4,4796.444766999999,3187.5321639999984,3080.029032999999,22856,5977.246183000002,401.984015,4898.951601,2648.409665,44.69790276666666,42.874446293405626,1.8234564732611556,0.10719300000000004,4.574018,11.938417,45.11362902714285,1901.985323471157,3.5129762483781786,3.1581497563427092,11.855917031079866,672.3433273859489,710.9875391382513,220.049998567533,3.599327837788729,4.332236224363727,65.014622,67.12259406956457,11,4854.253698233333
2024,2024-12-01,31,1032.5,70.11809523809522,73.8595,22.6,27.05,17.0,23.1,5178.579116999998,3360.1469119999992,2960.202496000001,23961,5828.777408999999,676.135787,5436.222753000001,3239.378,40.994859870967744,40.994859870967815,0.0,0.010138000000000001,4.851984999999999,0.0,41.15511096044547,1838.6001286569292,3.0676927042695383,3.067692704269533,11.855917031079866,680.4009210136304,717.9311591853191,220.049998567533,3.1296127933175475,4.322673123486682,15.953592,64.55399515738497,12,5395.227893129033
2025,2025-01-01,31,1053.5,76.36375000000001,79.68833333333333,26.317741935483863,29.9,20.6,24.6,6855.657586999998,3712.3031850000007,3038.2508099999995,27696,8353.477271999998,877.2490799999999,4584.04379,2427.036029,57.7902198064516,57.39672547465065,0.39349433180077087,0.460209,8.306665000000002,32.505223,58.75530981451612,1831.5585447252774,3.38237007434609,3.310603263045588,13.850576687528244,675.0443000644298,745.9015185856471,220.049998567533,3.5292946047972413,3.931814900683647,51.463925,66.20447065617351,1,4526.2535701935485
2025,2025-02-01,28,1064.375,71.53315789473683,75.438,26.050000000000004,31.85,17.85,23.6,6270.982292999996,3554.978606,3083.045385,30257,7958.079920999999,789.1665919999999,4134.234791999999,2131.703074,61.905647749999964,60.88276689675853,1.0228808532412446,2.5194179999999995,14.136981999999993,32.514823,63.272848626530575,1870.0206764309517,3.39223305669422,3.214078186028132,13.99616745229462,670.256040609265,748.5703577638524,220.049998567533,3.614989195094563,3.9591265042167567,39.429491,69.17503521910439,2,4072.3291442499994
2025,2025-03-01,31,1073.875,68.23904761904762,72.73285714285714,23.430645161290318,31.049999999999997,17.9,21.7,5268.167021999997,3302.7811799999995,3083.1167449999984,28739,7032.093529999997,914.0174159999999,4110.521200000001,2054.166504,47.48096516129033,46.87767964164954,0.5691521325439619,6.462605,27.183302000000005,12.783466,48.8849474061444,1810.2205623763948,3.3240279263038834,3.1966263983351983,13.8173348516039,667.9452455057209,753.4413020372828,220.049998567533,3.7204923907020055,4.007314191821883,116.498523,69.58845989165523,3,4063.0402348387106
2025,2025-04-01,30,1172.0,63.8357894736842,68.62666666666668,18.419999999999998,23.0,12.75,17.8,3992.1668610000015,2927.456405999998,2903.9116430000013,18247,5414.500095,898.2414749999999,3995.9718579999976,1949.8173790000003,38.23733080000001,38.18736963333341,0.0,0.001613,2.927403000000001,0.0,38.33706462992065,1784.2718842430832,3.227451334303858,3.227451334303852,13.8173348516039,665.0692441086543,754.137271316678,220.049998567533,3.270907367103163,3.827933240109349,150.689347,67.3823810544511,4,3957.7345271999975
2025,2025-05-01,31,1195.3333,62.21444444444444,64.37764705882353,16.691935483870974,22.85,8.85,14.6,4894.719329999999,3054.4006809999983,2996.0661649999993,23439,5929.687803000004,932.9763810000001,4476.2839239999985,2357.0858,38.40996777419353,37.057173808812216,1.352323513768421,8.447019000000001,42.163586,25.914260000000002,40.65451984055298,1785.3278820385797,5.3276536732870206,4.956046528546743,15.510653828969621,663.4028790603929,727.1631138798235,220.049998567533,5.932576534595833,3.9808435940467013,29.798415000000002,77.74150882891274,5,4437.873956225805
2025,2025-06-01,30,1194.0833,68.16900000000001,71.44476190476192,11.151666666666669,14.9,4.3,11.7,6589.1105400000015,3168.262765000003,2928.1672629999994,27719,6284.213865000003,837.199462,5351.0839559999995,3290.572352,36.98049213333334,26.98875073757852,9.991744662421421,38.66008200000001,161.02506699999995,78.272984,45.64373813357144,1830.3358632846266,8.090451670603334,5.789912391844264,14.30444965135146,702.9595103292013,757.2179937516235,220.049998567533,9.834585666540503,4.173084072107867,5.865604,94.68674659331433,6,5314.103463866666
2025,2025-07-01,31,1351.833,68.39090909090909,71.04130434782611,12.26290322580645,16.8,4.35,11.1,6557.808795000007,3256.8474070000016,3087.487962,28119,6505.383509999997,891.988245,4711.054801,2635.5588399999997,37.23185980645158,29.046008282765623,8.172608072073027,32.59952700000001,158.28988000000007,66.89103899999999,45.061407216589835,1803.7353864169027,7.876170306221327,5.715299589772019,15.556052685806923,691.2197541864494,746.701644204942,220.049998567533,9.512236666473049,3.845201293355022,0.028625,96.84112818551444,7,4673.822941193549
2025,2025-08-01,31,1323.8333,64.86428571428571,67.87,13.898387096774195,19.35,8.149999999999999,12.6,5598.677981999999,3121.1460380000017,2999.518599000001,23083,6114.813255000002,943.11881,4506.416360000002,2365.83407,40.91554309677419,32.30559324925037,8.60994984752385,0.7062640000000001,2.8074090000000007,9.964488000000001,41.24126195860215,1756.2637101368025,7.181461880279751,5.178259778326384,14.692930359117508,717.6734180806627,781.6595084766985,220.049998567533,7.22809891546135,4.327818313680432,0.00041200000000000004,91.476883752258,8,4465.500816903228
2025,2025-09-01,30,1366.58,63.959047619047624,67.98545454545456,15.68166666666667,20.5,9.2,14.6,4658.238807999999,2969.7186699999993,3004.542308,22292,4703.916555000003,912.5091530000001,5043.7359849999975,2661.781511,32.58705980000002,31.343219207378674,0.9355311259546311,1.068974,10.233964000000006,0.0,32.97707311873018,1766.6602561405343,5.1276212823853236,4.876353959243439,13.545862611182505,749.5131206458756,841.6103533145478,220.049998567533,5.32390788034962,4.553615595135302,3.4082,76.96443884617698,9,5011.148925199997
2025,2025-10-01,31,1443.0,60.89454545454546,64.54347826086956,19.51451612903226,26.05,12.75,17.4,4469.131720999999,3055.1950380000007,3063.0750980000003,20808,4360.092015000006,932.3313059999999,5616.753294000006,2910.114892,29.541209903225795,29.328692419354816,0.0,0.010162000000000001,2.4494240000000005,0.0,29.62229917173578,1769.147687200814,3.3841,3.3841,13.5388,679.124,811.5843,220.049,3.4334886579584842,4.641496881496882,21.448344000000002,68.04427778129488,10,5587.21208409678
2025,2025-11-01,30,1450.75,60.36533333333333,63.680625,20.6,26.5,15.0,20.5,4660.819117999999,2983.1056650000032,3068.399139,23537,5035.739377,906.910074,5168.680104000003,2818.204533,34.630544799999996,34.3,0.3,0.421777,3.7496979999999995,0.0,34.774615527936504,1740.2018764244717,3.027,3.03,2.8,649.4352026461092,740.0390308143294,220.049998567533,3.093366043339624,5.7,8.922964,55.5,11,5134.0495592000025
2025,2025-12-01,31,1459.4167,57.97227272727273,62.54428571428571,25.900000000000002,33.2,20.6,23.1,6577.7845099999995,3387.330504000006,3110.348378999998,27891,7532.758933,924.8665030000001,5104.750197,2542.2813720000004,51.439785419354806,51.277077544271066,0.1627078750837472,0.007433,6.003771999999998,7.110583,51.78533977941625,1790.1677988770427,3.159840903877885,3.1323822308244917,11.813389520974019,650.06741269633,735.9762306402984,220.049998567533,3.2394693859417076,5.26113991496678,25.546342,58.33274228860938,12,5053.310411580645
